{
  "config": {
    "num_vectors": 10000,
    "dim": 1024,
    "hnsw_ef": 64,
    "ivf_nprobe": 12,
    "threads": [
      1,
      2,
      4,
      8
    ]
  },
  "recall": {
    "hnsw": 0.998,
    "ivf": 1.0
  },
  "hnsw": {
    "1": {
      "qps": 3614.6423696913516,
      "speedup": 1.0,
      "efficiency": 1.0
    },
    "2": {
      "qps": 7181.865806600669,
      "speedup": 1.9868814317068708,
      "efficiency": 0.9934407158534354
    },
    "4": {
      "qps": 12932.713728122153,
      "speedup": 3.577868127857544,
      "efficiency": 0.894467031964386
    },
    "8": {
      "qps": 20089.448264255003,
      "speedup": 5.557796929705775,
      "efficiency": 0.6947246162132219
    }
  },
  "ivf": {
    "1": {
      "qps": 7137.937065212993,
      "speedup": 1.0,
      "efficiency": 1.0
    },
    "2": {
      "qps": 10749.413302033858,
      "speedup": 1.505955180583131,
      "efficiency": 0.7529775902915655
    },
    "4": {
      "qps": 12217.43366851498,
      "speedup": 1.7116196958442105,
      "efficiency": 0.4279049239610526
    },
    "8": {
      "qps": 16412.400018394255,
      "speedup": 2.2993197990468017,
      "efficiency": 0.2874149748808502
    }
  }
}