{
  "algo": "FAISS IVF (in-memory search; disk-serializable)",
  "environment": {
    "platform": "macOS-26.5.1-arm64-arm-64bit",
    "processor": "arm",
    "python": "3.12.13",
    "packages": {
      "numpy": "2.5.1",
      "hnswlib": "0.8.0",
      "faiss-cpu": "1.14.3",
      "psutil": "7.2.2"
    }
  },
  "config": {
    "nlist": 50,
    "metric": "inner_product",
    "num_vectors": 10000,
    "dim": 1024,
    "num_queries": 1000,
    "data_source": "synthetic-disjoint-queries",
    "seed": 42
  },
  "build": {
    "time_s": 0.027366161346435547,
    "index_size_gb": 0.038412715308368206
  },
  "memory": {
    "load_rss_delta_mb": 5.265625,
    "search_rss_mb": 344.84375
  },
  "by_param": {
    "2": {
      "qps": 25619.3201804959,
      "recall": 0.9298,
      "p50": 0.03531249240040779,
      "p95": 0.05179201252758503,
      "p99": 0.06412755115889013,
      "mean": 0.03661017888225615
    },
    "4": {
      "qps": 17565.984148038686,
      "recall": 0.9998,
      "p50": 0.05704199429601431,
      "p95": 0.08276039152406155,
      "p99": 0.09825082146562636,
      "mean": 0.056574799004010856
    },
    "8": {
      "qps": 9281.639699218147,
      "recall": 0.9998,
      "p50": 0.10104200919158757,
      "p95": 0.14583715237677097,
      "p99": 0.16291639709379524,
      "mean": 0.1068260331521742
    },
    "12": {
      "qps": 6320.406682991094,
      "recall": 0.9998,
      "p50": 0.155645509948954,
      "p95": 0.21297981147654352,
      "p99": 0.2526878291973844,
      "mean": 0.160099669767078
    },
    "16": {
      "qps": 4620.336379589396,
      "recall": 0.9998,
      "p50": 0.20700000459328294,
      "p95": 0.2666464366484433,
      "p99": 0.3142753685824573,
      "mean": 0.20831228786846623
    },
    "24": {
      "qps": 3255.358459263233,
      "recall": 0.9998,
      "p50": 0.3030829830095172,
      "p95": 0.3871163877192884,
      "p99": 0.4288916371297091,
      "mean": 0.3088674028404057
    }
  }
}