{
  "algo": "FAISS IVF (DiskANN analog)",
  "config": {
    "nlist": 50,
    "metric": "InnerProduct (cosine)",
    "num_vectors": 10006,
    "dim": 1024,
    "note": "DiskANN替代方案 - Docker Hub不可达, 用FAISS IVF磁盘索引"
  },
  "build": {
    "time_s": 0.18550610542297363,
    "index_size_gb": 0.03843564819544554,
    "index_path": "/Volumes/ICTPJ/diskann_test/faiss_ivf_index_10k/faiss_ivf_10k.index"
  },
  "memory": {
    "load_rss_mb": 32.1875,
    "search_rss_mb": 231.71875
  },
  "by_param": {
    "2": {
      "qps": 13713.635297587762,
      "recall": 0.6527,
      "p50": 0.06670800212305039,
      "p95": 0.1899579947348684,
      "p99": 0.24720899818930775,
      "mean": 0.08811051685673495
    },
    "4": {
      "qps": 6367.795906329097,
      "recall": 0.7982,
      "p50": 0.10083300003316253,
      "p95": 0.12429199705366045,
      "p99": 0.1310419902438298,
      "mean": 0.09902733698254451
    },
    "8": {
      "qps": 3960.7202224597227,
      "recall": 0.9112,
      "p50": 0.2909579925471917,
      "p95": 0.4802080075023696,
      "p99": 0.5050000036135316,
      "mean": 0.2963266835043517
    },
    "12": {
      "qps": 2487.293815017719,
      "recall": 0.9573,
      "p50": 0.32750000536907464,
      "p95": 0.6506669888040051,
      "p99": 0.7275410025613382,
      "mean": 0.40981375345533405
    },
    "16": {
      "qps": 1973.3140531945558,
      "recall": 0.9758,
      "p50": 0.36737498885486275,
      "p95": 0.9254159958800301,
      "p99": 0.9944579942384735,
      "mean": 0.4594959694077261
    },
    "24": {
      "qps": 1308.1747348741853,
      "recall": 0.9946,
      "p50": 0.5874159978702664,
      "p95": 1.3949999993201345,
      "p99": 1.4810410066274926,
      "mean": 0.7900906866416335
    }
  }
}